id,rank,name,symbol,slug,is_active,first_historical_data,last_historical_data
1,1,Bitcoin,BTC,bitcoin,1,13/07/2010,26/04/2024
1027,2,Ethereum,ETH,ethereum,1,07/08/2015,26/04/2024
825,3,Tether USDt,USDT,tether,1,25/02/2015,26/04/2024
1839,4,BNB,BNB,bnb,1,25/07/2017,26/04/2024
5426,5,Solana,SOL,solana,1,10/04/2020,26/04/2024
3408,6,USDC,USDC,usd-coin,1,08/10/2018,26/04/2024
52,7,XRP,XRP,xrp,1,04/08/2013,26/04/2024
74,8,Dogecoin,DOGE,dogecoin,1,15/12/2013,26/04/2024
11419,9,Toncoin,TON,toncoin,1,26/08/2021,26/04/2024
2010,10,Cardano,ADA,cardano,1,01/10/2017,26/04/2024
5994,11,Shiba Inu,SHIB,shiba-inu,1,01/08/2020,26/04/2024
5805,12,Avalanche,AVAX,avalanche,1,22/09/2020,26/04/2024
1958,13,TRON,TRX,tron,1,13/09/2017,26/04/2024
6636,14,Polkadot,DOT,polkadot-new,1,20/08/2020,26/04/2024
1831,15,Bitcoin Cash,BCH,bitcoin-cash,1,23/07/2017,26/04/2024
1975,16,Chainlink,LINK,chainlink,1,20/09/2017,26/04/2024
6535,17,NEAR Protocol,NEAR,near-protocol,1,13/10/2020,26/04/2024
3890,18,Polygon,MATIC,polygon,1,28/04/2019,26/04/2024
2,19,Litecoin,LTC,litecoin,1,28/04/2013,26/04/2024
8916,20,Internet Computer,ICP,internet-computer,1,10/05/2021,26/04/2024
3957,21,UNUS SED LEO,LEO,unus-sed-leo,1,21/05/2019,26/04/2024
4943,22,Dai,DAI,multi-collateral-dai,1,22/11/2019,26/04/2024
7083,23,Uniswap,UNI,uniswap,1,17/09/2020,26/04/2024
26081,24,First Digital USD,FDUSD,first-digital-usd,1,26/07/2023,26/04/2024
4642,25,Hedera,HBAR,hedera,1,17/09/2019,26/04/2024
1321,26,Ethereum Classic,ETC,ethereum-classic,1,24/07/2016,26/04/2024
4847,27,Stacks,STX,stacks,1,28/10/2019,26/04/2024
21794,28,Aptos,APT,aptos,1,19/10/2022,26/04/2024
27075,29,Mantle,MNT,mantle,1,17/07/2023,26/04/2024
3635,30,Cronos,CRO,cronos,1,14/12/2018,26/04/2024
2280,31,Filecoin,FIL,filecoin,1,13/12/2017,26/04/2024
512,32,Stellar,XLM,stellar,1,05/08/2014,26/04/2024
5690,33,Render,RNDR,render,1,11/06/2020,26/04/2024
3794,34,Cosmos,ATOM,cosmos,1,14/03/2019,26/04/2024
24478,35,Pepe,PEPE,pepe,1,17/04/2023,26/04/2024
3897,36,OKB,OKB,okb,1,30/04/2019,26/04/2024
10603,37,Immutable,IMX,immutable-x,1,05/11/2021,26/04/2024
28752,38,dogwifhat,WIF,dogwifhat,1,19/12/2023,26/04/2024
22974,39,Bittensor,TAO,bittensor,1,05/03/2023,26/04/2024
3077,40,VeChain,VET,vechain,1,03/08/2018,26/04/2024
11841,41,Arbitrum,ARB,arbitrum,1,23/03/2023,26/04/2024
20396,42,Kaspa,KAS,kaspa,1,01/06/2022,26/04/2024
1518,43,Maker,MKR,maker,1,29/01/2017,26/04/2024
6719,44,The Graph,GRT,the-graph,1,17/12/2020,26/04/2024
11840,45,Optimism,OP,optimism-ethereum,1,31/05/2022,26/04/2024
2416,46,Theta Network,THETA,theta-network,1,17/01/2018,26/04/2024
7226,47,Injective,INJ,injective,1,20/10/2020,26/04/2024
328,48,Monero,XMR,monero,1,21/05/2014,26/04/2024
5632,49,Arweave,AR,arweave,1,27/05/2020,26/04/2024
3513,50,Fantom,FTM,fantom,1,30/10/2018,26/04/2024
23254,51,Core,CORE,core-dao,1,08/02/2023,26/04/2024
3773,52,Fetch.ai,FET,fetch,1,02/03/2019,26/04/2024
22861,53,Celestia,TIA,celestia,1,31/10/2023,26/04/2024
4157,54,THORChain,RUNE,thorchain,1,23/07/2019,26/04/2024
10804,55,FLOKI,FLOKI,floki-inu,1,10/07/2021,26/04/2024
8000,56,Lido DAO,LDO,lido-dao,1,04/01/2021,26/04/2024
23095,57,Bonk,BONK,bonk1,1,30/12/2022,26/04/2024
23149,58,Sei,SEI,sei,1,15/08/2023,26/04/2024
11092,59,Bitget Token,BGB,bitget-token-new,1,29/07/2021,26/04/2024
4030,60,Algorand,ALGO,algorand,1,21/06/2019,26/04/2024
20947,61,Sui,SUI,sui,1,03/05/2023,26/04/2024
28298,62,Beam,BEAM,onbeam,1,27/10/2023,26/04/2024
7080,63,Gala,GALA,gala,1,17/09/2020,26/04/2024
4558,64,Flow,FLOW,flow,1,26/01/2021,26/04/2024
29210,65,Jupiter,JUP,jupiter-ag,1,31/01/2024,26/04/2024
7278,66,Aave,AAVE,aave,1,04/10/2020,26/04/2024
9481,67,Pendle,PENDLE,pendle,1,29/04/2021,26/04/2024
3155,68,Quant,QNT,quant,1,10/08/2018,26/04/2024
1376,69,Neo,NEO,neo,1,09/09/2016,26/04/2024
3602,70,Bitcoin SV,BSV,bitcoin-sv,1,09/11/2018,26/04/2024
16086,71,BitTorrent (New),BTT,bittorrent-new,1,11/01/2022,26/04/2024
30171,72,Ethena,ENA,ethena,1,02/04/2024,26/04/2024
7950,73,Flare,FLR,flare,1,10/01/2023,26/04/2024
2424,74,SingularityNET,AGIX,singularitynet,1,19/01/2018,26/04/2024
6892,75,MultiversX,EGLD,multiversx-egld,1,04/09/2020,26/04/2024
21159,76,Ondo,ONDO,ondo-finance,1,18/01/2024,26/04/2024
7431,77,Akash Network,AKT,akash-network,1,19/10/2020,26/04/2024
29587,78,Wormhole,W,wormhole,1,03/04/2024,26/04/2024
4066,79,Chiliz,CHZ,chiliz,1,01/07/2019,26/04/2024
6783,80,Axie Infinity,AXS,axie-infinity,1,03/11/2020,26/04/2024
10791,81,eCash,XEC,ecash,1,08/07/2021,26/04/2024
6210,82,The Sandbox,SAND,the-sandbox,1,14/08/2020,26/04/2024
28324,83,dYdX (Native),DYDX,dydx-chain,1,31/10/2023,26/04/2024
2011,84,Tezos,XTZ,tezos,1,02/10/2017,26/04/2024
7334,85,Conflux,CFX,conflux-network,1,10/11/2020,26/04/2024
2087,86,KuCoin Token,KCS,kucoin-token,1,24/10/2017,26/04/2024
2586,87,Synthetix,SNX,synthetix,1,14/03/2018,26/04/2024
13502,88,Worldcoin,WLD,worldcoin-org,1,24/07/2023,26/04/2024
8646,89,Mina,MINA,mina,1,01/06/2021,26/04/2024
14101,90,Ronin,RON,ronin,1,27/01/2022,26/04/2024
1765,91,EOS,EOS,eos,1,01/07/2017,26/04/2024
8425,92,JasmyCoin,JASMY,jasmy,1,11/02/2021,26/04/2024
25028,93,ORDI,ORDI,ordi,1,08/05/2023,26/04/2024
28177,94,Pyth Network,PYTH,pyth-network,1,20/11/2023,26/04/2024
1966,95,Decentraland,MANA,decentraland,1,17/09/2017,26/04/2024
22691,96,Starknet,STRK,starknet-token,1,20/02/2024,26/04/2024
1659,97,Gnosis,GNO,gnosis-gno,1,01/05/2017,26/04/2024
4948,98,Nervos Network,CKB,nervos-network,1,19/11/2019,26/04/2024
18876,99,ApeCoin,APE,apecoin-ape,1,17/03/2022,26/04/2024
3822,100,Theta Fuel,TFUEL,theta-fuel,1,28/03/2019,26/04/2024
4846,101,Kava,KAVA,kava,1,25/10/2019,26/04/2024
1720,102,IOTA,IOTA,iota,1,13/06/2017,26/04/2024
4269,103,GateToken,GT,gatetoken,1,26/08/2019,26/04/2024
19891,104,USDD,USDD,usdd,1,02/05/2022,26/04/2024
7186,105,PancakeSwap,CAKE,pancakeswap,1,28/09/2020,26/04/2024
9104,106,AIOZ Network,AIOZ,aioz-network,1,02/04/2021,26/04/2024
4256,107,Klaytn,KLAY,klaytn,1,30/03/2020,26/04/2024
2694,108,Nexo,NEXO,nexo,1,01/05/2018,26/04/2024
5665,109,Helium,HNT,helium,1,08/06/2020,26/04/2024
17799,110,Axelar,AXL,axelar,1,27/09/2022,26/04/2024
7653,111,Oasis Network,ROSE,oasis-network,1,18/11/2020,26/04/2024
23711,112,Echelon Prime,PRIME,echelon-prime,1,01/03/2023,26/04/2024
4172,113,Terra Classic,LUNC,terra-luna,1,26/07/2019,26/04/2024
28683,114,SATS,1000SATS,sats,1,12/12/2023,26/04/2024
12220,115,Osmosis,OSMO,osmosis,1,04/10/2021,26/04/2024
23121,116,Blur,BLUR,blur-token,1,13/02/2023,26/04/2024
11156,117,dYdX (ethDYDX),ETHDYDX,dydx-ethdydx,1,08/09/2021,26/04/2024
7548,118,WEMIX,WEMIX,wemix,1,28/10/2020,26/04/2024
2083,119,Bitcoin Gold,BTG,bitcoin-gold,1,23/10/2017,26/04/2024
12885,120,Astar,ASTR,astar,1,18/01/2022,26/04/2024
7501,121,WOO,WOO,wootrade,1,28/10/2020,26/04/2024
29870,122,BOOK OF MEME,BOME,book-of-meme,1,14/03/2024,26/04/2024
12387,123,Ribbon Finance,RBN,ribbon-finance,1,07/10/2021,26/04/2024
2777,124,IoTeX,IOTX,iotex,1,25/05/2018,26/04/2024
5176,125,Tether Gold,XAUt,tether-gold,1,07/02/2020,26/04/2024
6536,126,MANTRA,OM,mantra,1,18/08/2020,26/04/2024
2634,127,XDC Network,XDC,xdc-network,1,13/04/2018,26/04/2024
11948,128,Radix,XRD,radix-protocol,1,17/09/2021,26/04/2024
3911,129,Ocean Protocol,OCEAN,ocean-protocol,1,06/05/2019,26/04/2024
6538,130,Curve DAO Token,CRV,curve-dao-token,1,14/08/2020,26/04/2024
3783,131,Ankr,ANKR,ankr,1,06/03/2019,26/04/2024
30126,132,cat in a dogs world,MEW,mew,1,26/03/2024,26/04/2024
28932,133,Dymension,DYM,dymension,1,29/01/2024,26/04/2024
2563,134,TrueUSD,TUSD,trueusd,1,06/03/2018,26/04/2024
8104,135,1inch Network,1INCH,1inch,1,24/12/2020,26/04/2024
4195,136,FTX Token,FTT,ftx-token,1,31/07/2019,26/04/2024
5691,137,SKALE,SKL,skale-network,1,29/11/2020,26/04/2024
4041,138,MX TOKEN,MX,mx-token,1,24/09/2019,26/04/2024
9816,139,APENFT,NFT,apenft,1,21/05/2021,26/04/2024
18069,140,GMT,GMT,green-metaverse-token,1,09/03/2022,26/04/2024
8290,141,SuperVerse,SUPER,superfarm,1,22/02/2021,26/04/2024
3640,142,Livepeer,LPT,livepeer,1,19/12/2018,26/04/2024
2130,143,Enjin Coin,ENJ,enjin-coin,1,01/11/2017,26/04/2024
7326,144,DeXe,DEXE,dexe,1,06/10/2020,26/04/2024
2577,145,Ravencoin,RVN,ravencoin,1,10/03/2018,26/04/2024
13855,146,Ethereum Name Service,ENS,ethereum-name-service,1,09/11/2021,26/04/2024
20314,147,Terra,LUNA,terra-luna-v2,1,28/05/2022,26/04/2024
5692,148,Compound,COMP,compound,1,16/06/2020,26/04/2024
11877,149,Galxe,GAL,galxe,1,05/05/2022,26/04/2024
12999,150,ssv.network,SSV,ssv-network,1,22/10/2021,26/04/2024
5964,151,Trust Wallet Token,TWT,trust-wallet-token,1,30/07/2020,26/04/2024
13631,152,Manta Network,MANTA,manta-network,1,18/01/2024,26/04/2024
2469,153,Zilliqa,ZIL,zilliqa,1,25/01/2018,26/04/2024
2682,154,Holo,HOT,holo,1,30/04/2018,26/04/2024
5567,155,Celo,CELO,celo,1,22/05/2020,26/04/2024
27565,156,Arkham,ARKM,arkham,1,18/07/2023,26/04/2024
1896,157,0x Protocol,ZRX,0x,1,16/08/2017,26/04/2024
2943,158,Rocket Pool,RPL,rocket-pool,1,18/07/2018,26/04/2024
2299,159,aelf,ELF,aelf,1,21/12/2017,26/04/2024
4705,160,PAX Gold,PAXG,pax-gold,1,26/09/2019,26/04/2024
8526,161,Raydium,RAY,raydium,1,21/02/2021,26/04/2024
1042,162,Siacoin,SC,siacoin,1,26/08/2015,26/04/2024
1684,163,Qtum,QTUM,qtum,1,24/05/2017,26/04/2024
29073,164,Altlayer,ALT,altlayer,1,25/01/2024,26/04/2024
21296,165,EthereumPoW,ETHW,ethereum-pow,1,08/08/2022,26/04/2024
29814,166,ether.fi,ETHFI,ether-fi-ethfi,1,18/03/2024,26/04/2024
21846,167,SPACE ID,ID,space-id,1,22/03/2023,26/04/2024
1455,168,Golem,GLM,golem-network-tokens,1,18/11/2016,26/04/2024
28541,169,Jito,JTO,jito,1,07/12/2023,26/04/2024
1697,170,Basic Attention Token,BAT,basic-attention-token,1,01/06/2017,26/04/2024
8119,171,SafePal,SFP,safepal,1,08/02/2021,26/04/2024
2467,172,OriginTrail,TRAC,origintrail,1,25/01/2018,26/04/2024
1437,173,Zcash,ZEC,zcash,1,29/10/2016,26/04/2024
5899,174,Casper,CSPR,casper,1,11/05/2021,26/04/2024
1785,175,Gas,GAS,gas,1,06/07/2017,26/04/2024
8719,176,Illuvium,ILV,illuvium,1,31/03/2021,26/04/2024
1934,177,Loopring,LRC,loopring,1,30/08/2017,26/04/2024
131,178,Dash,DASH,dash,1,14/02/2014,26/04/2024
9640,179,Metis,METIS,metisdao,1,13/05/2021,26/04/2024
9543,180,Biconomy,BICO,biconomy,1,01/12/2021,26/04/2024
6953,181,Frax Share,FXS,frax-share,1,26/12/2020,26/04/2024
23635,182,BinaryX,BNX,binaryx-new,1,23/02/2023,26/04/2024
28301,183,Memecoin,MEME,meme,1,03/11/2023,26/04/2024
1680,184,Aragon,ANT,aragon,1,18/05/2017,26/04/2024
1168,185,Decred,DCR,decred,1,10/02/2016,26/04/2024
873,186,NEM,XEM,nem,1,01/04/2015,26/04/2024
29335,187,Pixels,PIXEL,pixels,1,19/02/2024,26/04/2024
30372,188,Saga,SAGA,saga,1,09/04/2024,26/04/2024
20362,189,Polymesh,POLYX,polymesh,1,30/05/2022,26/04/2024
6748,190,Centrifuge,CFG,centrifuge,1,14/07/2021,26/04/2024
17751,191,Threshold,T,threshold,1,10/02/2022,26/04/2024
5488,192,JUST,JST,just,1,07/05/2020,26/04/2024
8536,193,Mask Network,MASK,mask-network,1,23/02/2021,26/04/2024
2566,194,Ontology,ONT,ontology,1,08/03/2018,26/04/2024
10688,195,Yield Guild Games,YGG,yield-guild-games,1,28/07/2021,26/04/2024
3029,196,Flux,FLUX,zel,1,02/08/2018,26/04/2024
6945,197,Amp,AMP,amp,1,11/09/2020,26/04/2024
3964,198,Reserve Rights,RSR,reserve-rights,1,24/05/2019,26/04/2024
9258,199,Chia,XCH,chia-network,1,03/05/2021,26/04/2024
10407,200,Baby Doge Coin,BabyDoge,baby-doge-coin,1,11/06/2021,26/04/2024
8085,201,Lido Staked ETH,stETH,steth,1,23/12/2020,26/04/2024
18579,202,Wrapped TRON,WTRX,wrapped-tron,1,05/03/2022,26/04/2024
3717,203,Wrapped Bitcoin,WBTC,wrapped-bitcoin,1,30/01/2019,26/04/2024
24399,204,Wrapped HBAR,WHBAR,wrapped-hedera,1,04/05/2023,26/04/2024
4023,205,Bitcoin BEP2,BTCB,bitcoin-bep2,1,18/06/2019,26/04/2024
29520,206,Renzo Restaked ETH,EZETH,renzo-restaked-eth,1,23/02/2024,26/04/2024
24760,207,Wrapped Beacon ETH,WBETH,wrapped-beacon-eth,1,27/04/2023,26/04/2024
28695,208,Wrapped eETH,weETH,wrapped-eeth,1,13/12/2023,26/04/2024
29470,209,Ethena USDe,USDe,ethena-usde,1,20/02/2024,26/04/2024
15060,210,Rocket Pool ETH,RETH,rocket-pool-eth,1,23/11/2021,26/04/2024
27765,211,Zeebu,ZBU,zeebu,1,09/08/2023,26/04/2024
7961,212,Venus BNB,vBNB,venus-bnb,1,09/11/2023,26/04/2024
7192,213,Wrapped BNB,WBNB,wbnb,1,28/09/2020,26/04/2024
11461,214,Marinade Staked SOL,MSOL,marinade,1,12/10/2021,26/04/2024
23054,215,Cheelee,CHEEL,cheelee,1,13/02/2023,26/04/2024
21535,216,Coinbase Wrapped Staked ETH,cbETH,coinbase-wrapped-staked-eth,1,24/08/2022,26/04/2024
6952,217,Frax,FRAX,frax,1,26/12/2020,26/04/2024
29270,218,Aerodrome Finance,AERO,aerodrome-finance,1,02/02/2024,26/04/2024
22615,219,Fasttoken,FTN,fasttoken,1,20/01/2023,26/04/2024
28782,220,Popcat (SOL),POPCAT,popcat-sol,1,20/12/2023,26/04/2024
17520,221,Orbler,ORBR,orbler,1,01/03/2022,26/04/2024
15271,222,Rollbit Coin,RLB,rollbit-coin,1,23/03/2022,26/04/2024
29743,223,Brett,BRETT,based-brett,1,11/03/2024,26/04/2024
30096,224,Degen,DEGEN,degen-base,1,25/03/2024,26/04/2024
22059,225,Venom,VENOM,venom,1,25/03/2024,26/04/2024
24165,226,Wrapped Kava,WKAVA,wrapped-kava,1,30/03/2023,26/04/2024
29599,227,USDB,USDB,usdb,1,01/03/2024,26/04/2024
5015,228,HEX,HEX,hex,1,17/12/2019,26/04/2024
21259,229,ZetaChain,ZETA,zetachain,1,01/02/2024,26/04/2024
15585,230,GuildFi,GF,guildfi,1,05/12/2021,26/04/2024
27772,231,PayPal USD,PYUSD,paypal-usd,1,20/08/2023,26/04/2024
1974,232,Propy,PRO,propy,1,19/09/2017,26/04/2024
3945,233,Harmony,ONE,harmony,1,01/06/2019,26/04/2024
6958,234,Alchemy Pay,ACH,alchemy-pay,1,09/09/2020,26/04/2024
30484,235,PUPS (Ordinals),PUPS,pups-ordinals,1,09/04/2024,26/04/2024
6836,236,Moonbeam,GLMR,moonbeam,1,11/01/2022,26/04/2024
1274,237,Waves,WAVES,waves,1,02/06/2016,26/04/2024
6941,238,Huobi BTC,HBTC,huobi-btc,1,09/09/2020,26/04/2024
3012,239,VeThor Token,VTHO,vethor-token,1,30/07/2018,26/04/2024
2394,240,Telcoin,TEL,telcoin,1,15/01/2018,26/04/2024
3978,241,Chromia,CHR,chromia,1,28/05/2019,26/04/2024
27178,242,PAAL AI,PAAL,paal-ai,1,23/06/2023,26/04/2024
11857,243,GMX,GMX,gmx,1,13/09/2021,26/04/2024
28367,244,IPVERSE,IPV,ipverse-eth,1,07/11/2023,26/04/2024
11823,245,Pocket Network,POKT,pocket-network,1,13/01/2022,26/04/2024
5034,246,Kusama,KSM,kusama,1,12/12/2019,26/04/2024
27659,247,MOG Coin,MOG,mog-coin,1,21/07/2023,26/04/2024
5647,248,Kadena,KDA,kadena,1,31/05/2020,26/04/2024
9903,249,Convex Finance,CVX,convex-finance,1,18/05/2021,26/04/2024
15185,250,Kujira,KUJI,kujira,1,29/11/2021,26/04/2024
6758,251,SushiSwap,SUSHI,sushiswap,1,28/08/2020,26/04/2024
2099,252,ICON,ICX,icon,1,27/10/2017,26/04/2024
9025,253,Tribe,TRIBE,tribe,1,03/04/2021,26/04/2024
10442,254,Decentralized Social,DESO,deso,1,16/06/2021,26/04/2024
2300,255,WAX,WAXP,wax,1,21/12/2017,26/04/2024
3987,256,Beldex,BDX,beldex,1,07/06/2019,26/04/2024
3217,257,Ontology Gas,ONG,ontology-gas,1,23/08/2018,26/04/2024
5864,258,yearn.finance,YFI,yearn-finance,1,20/07/2020,26/04/2024
5198,259,Creditcoin,CTC,creditcoin,1,31/01/2020,26/04/2024
27872,260,MAGA,TRUMP,maga,1,18/08/2023,26/04/2024
1214,261,Lisk,LSK,lisk,1,06/04/2016,26/04/2024
1772,262,Storj,STORJ,storj,1,02/07/2017,26/04/2024
7455,263,Audius,AUDIO,audius,1,22/10/2020,26/04/2024
4950,264,LCX,LCX,lcx,1,03/12/2019,26/04/2024
5617,265,UMA,UMA,uma,1,25/05/2020,26/04/2024
2545,266,Arcblock,ABT,arcblock,1,26/02/2018,26/04/2024
10903,267,Coin98,C98,coin98,1,23/07/2021,26/04/2024
29920,268,SLERF,SLERF,slerf,1,18/03/2024,26/04/2024
30315,269,Omni Network,OMNI,omni-network,1,17/04/2024,26/04/2024
23355,270,0x0.ai,0x0,0x0-ai-ai-smart-contract,1,31/01/2023,26/04/2024
4679,271,Band Protocol,BAND,band-protocol,1,18/09/2019,26/04/2024
8037,272,Vanar Chain,VANRY,vanar,1,16/12/2020,26/04/2024
9674,273,Wilder World,WILD,wilder-world,1,11/05/2021,26/04/2024
5728,274,Balancer,BAL,balancer,1,24/06/2020,26/04/2024
26680,275,Neutron,NTRN,neutron-ntrn,1,13/06/2023,26/04/2024
4279,276,Solar,SXP,sxp,1,26/08/2019,26/04/2024
4512,277,FINSCHIA,FNSA,finschia,1,05/03/2020,26/04/2024
7737,278,API3,API3,api3,1,29/11/2020,26/04/2024
11976,279,Aleph Zero,AZERO,aleph-zero,1,27/01/2022,26/04/2024
2405,280,IOST,IOST,iostoken,1,16/01/2018,26/04/2024
3814,281,Celer Network,CELR,celer-network,1,25/03/2019,26/04/2024
14783,282,Treasure,MAGIC,magic-token,1,18/11/2021,26/04/2024
1637,283,iExec RLC,RLC,rlc,1,20/04/2017,26/04/2024
28933,284,Xai,XAI,xai-games,1,09/01/2024,26/04/2024
23757,285,ATOR Protocol,ATOR,airtor-protocol,1,04/03/2023,26/04/2024
109,286,DigiByte,DGB,digibyte,1,06/02/2014,26/04/2024
22074,287,ALEX Lab,ALEX,alex-lab,1,11/10/2022,26/04/2024
17917,288,RSS3,RSS3,rss3,1,13/02/2022,26/04/2024
24007,289,Delysium,AGI,delysium,1,11/04/2023,26/04/2024
11396,290,JOE,JOE,joe,1,27/08/2021,26/04/2024
9040,291,Pundi X (New),PUNDIX,pundix-new,1,04/04/2021,26/04/2024
3992,292,COTI,COTI,coti,1,04/06/2019,26/04/2024
3701,293,Rootstock Infrastructure Framework,RIF,rsk-infrastructure-framework,1,16/01/2019,26/04/2024
21781,294,Stride,STRD,stride,1,07/12/2022,26/04/2024
11584,295,Braintrust,BTRST,braintrust,1,15/09/2021,26/04/2024
12147,296,Synapse,SYN,synapse-2,1,26/09/2021,26/04/2024
4120,297,Prom,PROM,prom,1,17/07/2019,26/04/2024
14519,298,VVS Finance,VVS,vvs-finance,1,22/11/2021,26/04/2024
11232,299,Highstreet,HIGH,highstreet,1,14/10/2021,26/04/2024
2499,300,SwissBorg,BORG,swissborg,1,03/02/2018,26/04/2024
24781,301,CyberConnect,CYBER,cyberconnect,1,15/08/2023,26/04/2024
14878,302,Alephium,ALPH,alephium,1,12/01/2022,26/04/2024
28675,303,Coq Inu,COQ,coq-inu,1,11/12/2023,26/04/2024
3626,304,Rootstock Smart Bitcoin,RBTC,rsk-smart-bitcoin,1,05/12/2018,26/04/2024
24600,305,Helium Mobile,MOBILE,helium-mobile,1,21/04/2023,26/04/2024
541,306,Syscoin,SYS,syscoin,1,20/08/2014,26/04/2024
5031,307,MimbleWimbleCoin,MWC,mimblewimblecoin,1,23/02/2020,26/04/2024
7497,308,Marlin,POND,marlin,1,20/12/2020,26/04/2024
5190,309,FLEX,FLEX,flex,1,24/02/2020,26/04/2024
30168,310,Stratis [New],STRAX,stratis-new,1,28/03/2024,26/04/2024
24613,311,Open Campus,EDU,open-campus,1,28/04/2023,26/04/2024
5446,312,USDJ,USDJ,usdj,1,14/04/2020,26/04/2024
1816,313,Civic,CVC,civic,1,17/07/2017,26/04/2024
30008,314,Apu Apustaja,APU,apu-apustaja,1,20/03/2024,26/04/2024
5824,315,Smooth Love Potion,SLP,smooth-love-potion,1,08/07/2020,26/04/2024
28230,316,Big Time,BIGTIME,big-time,1,11/10/2023,26/04/2024
7129,317,TerraClassicUSD,USTC,terrausd,1,24/11/2020,26/04/2024
2165,318,ERC20,ERC20,erc20,1,10/11/2017,26/04/2024
5370,319,Hive,HIVE,hive-blockchain,1,26/03/2020,26/04/2024
8972,320,Seedify.fund,SFUND,seedify-fund,1,29/03/2021,26/04/2024
30712,321,Merlin Chain,MERL,merlin-chain,1,19/04/2024,26/04/2024
13769,322,World Mobile Token,WMT,world-mobile-token,1,23/12/2021,26/04/2024
7288,323,Venus,XVS,venus,1,05/10/2020,26/04/2024
3801,324,BORA,BORA,bora,1,18/03/2019,26/04/2024
2930,325,IQ,IQ,iq,1,13/07/2018,26/04/2024
1732,326,Numeraire,NMR,numeraire,1,23/06/2017,26/04/2024
29676,327,Aevo,AEVO,aevo,1,13/03/2024,26/04/2024
9263,328,Unizen,ZCX,unizen,1,16/04/2021,26/04/2024
29555,329,Portal,PORTAL,portal-gaming,1,29/02/2024,26/04/2024
19091,330,H2O DAO,H2O,h2o-dao,1,26/03/2022,26/04/2024
1759,331,Status,SNT,status,1,28/06/2017,26/04/2024
24225,332,MetFi,METFI,metfi2,1,05/04/2023,26/04/2024
28382,333,Myro,MYRO,myro,1,11/11/2023,26/04/2024
5566,334,Keep Network,KEEP,keep-network,1,13/05/2020,26/04/2024
12749,335,Nakamoto Games,NAKA,nakamoto-games,1,15/10/2021,26/04/2024
5444,336,Cartesi,CTSI,cartesi,1,23/04/2020,26/04/2024
4944,337,Tellor,TRB,tellor,1,19/11/2019,26/04/2024
1567,338,Nano,XNO,nano,1,07/03/2017,26/04/2024
2132,339,Powerledger,POWR,power-ledger,1,01/11/2017,26/04/2024
27750,340,Toshi,TOSHI,toshithecat,1,04/08/2023,26/04/2024
2505,341,Bluzelle,BLZ,bluzelle,1,06/02/2018,26/04/2024
10529,342,Sun (New),SUN,sun-token,1,21/06/2021,26/04/2024
7127,343,Velo,VELO,velo,1,22/09/2020,26/04/2024
29175,344,Wen,WEN,wen,1,26/01/2024,26/04/2024
1586,345,Ark,ARK,ark,1,22/03/2017,26/04/2024
8420,346,DAO Maker,DAO,dao-maker,1,09/02/2021,26/04/2024
30636,347,Zebec Network,ZBCN,zebec-network,1,15/04/2024,26/04/2024
5113,348,inSure DeFi,SURE,insure,1,07/01/2020,26/04/2024
9260,349,Zignaly,ZIG,zigcoin,1,16/04/2021,26/04/2024
4092,350,Dusk,DUSK,dusk,1,11/07/2019,26/04/2024
11865,351,Bone ShibaSwap,BONE,bone-shibaswap,1,13/09/2021,26/04/2024
28846,352,Sleepless AI,AI,sleepless-ai,1,04/01/2024,26/04/2024
25023,353,Milady Meme Coin,LADYS,milady-meme-coin,1,08/05/2023,26/04/2024
10180,354,Gomining,GMT,gomining-token,1,01/06/2021,26/04/2024
2982,355,MVL,MVL,mvl,1,27/07/2018,26/04/2024
4660,356,Telos,TLOS,telos,1,19/09/2019,26/04/2024
24927,357,crvUSD,CRVUSD,crvusd,1,28/06/2023,26/04/2024
4036,358,Contentos,COS,contentos,1,20/06/2019,26/04/2024
1230,359,Steem,STEEM,steem,1,18/04/2016,26/04/2024
3330,360,Pax Dollar,USDP,paxos-standard,1,27/09/2018,26/04/2024
28047,361,L7,LSD,l7-dex,1,19/09/2023,26/04/2024
7533,362,Oraichain,ORAI,oraichain-token,1,27/10/2020,26/04/2024
22850,363,Hivemapper,HONEY,hivemapper,1,04/12/2022,26/04/2024
14806,364,ConstitutionDAO,PEOPLE,constitutiondao,1,19/11/2021,26/04/2024
6841,365,Phala Network,PHA,phala-network,1,13/09/2020,26/04/2024
11165,366,Orca,ORCA,orca,1,10/08/2021,26/04/2024
21178,367,Metars Genesis,MRS,metars-genesis,1,01/08/2022,26/04/2024
2989,368,STASIS EURO,EURS,stasis-euro,1,30/07/2018,26/04/2024
1886,369,Dent,DENT,dent,1,12/08/2017,26/04/2024
7411,370,Covalent,CQT,covalent,1,23/06/2021,26/04/2024
2071,371,Request,REQ,request,1,20/10/2017,26/04/2024
8677,372,Symbol,XYM,symbol,1,19/03/2021,26/04/2024
1698,373,Horizen,ZEN,horizen,1,01/06/2017,26/04/2024
22265,374,Oasys,OAS,oasys,1,12/12/2022,26/04/2024
21473,375,Dione Protocol,DIONE,dione-protocol,1,22/08/2022,26/04/2024
22764,376,Hooked Protocol,HOOK,hooked-protocol,1,01/12/2022,26/04/2024
30491,377,Bitcoin Wizards,WZRD,bitcoin-wizards,1,10/04/2024,26/04/2024
10630,378,Guild of Guardians,GOG,guild-of-guardians,1,22/12/2021,26/04/2024
30369,379,HashAI,HASHAI,hashai,1,04/04/2024,26/04/2024
9308,380,Vulcan Forged (PYR),PYR,vulcan-forged-pyr,1,19/04/2021,26/04/2024
28674,381,Fusionist,ACE,fusionist,1,18/12/2023,26/04/2024
28412,382,Multibit,MUBI,multibit,1,14/11/2023,26/04/2024
17591,383,NYM,NYM,nym,1,15/04/2022,26/04/2024
7725,384,TrueFi,TRU,truefi-token,1,21/11/2020,26/04/2024
22289,385,Myria,MYRIA,myria,1,07/04/2023,26/04/2024
4191,386,Synternet,NOIA,syntropy,1,31/07/2019,26/04/2024
24203,387,SmarDex,SDEX,smardex,1,03/04/2023,26/04/2024
29709,388,Entangle,NGL,entangle,1,14/03/2024,26/04/2024
30449,389,Tensor,TNSR,tensor,1,08/04/2024,26/04/2024
4206,390,WINkLink,WIN,wink,1,01/08/2019,26/04/2024
29513,391,Node AI,GPU,node-ai,1,23/02/2024,26/04/2024
5908,392,dKargo,DKA,dkargo,1,27/07/2020,26/04/2024
14803,393,Aurora,AURORA,aurora-near,1,19/11/2021,26/04/2024
19843,394,ApeX Protocol,APEX,apex-token,1,28/04/2022,26/04/2024
8669,395,Sovryn,SOV,sovryn,1,17/06/2021,26/04/2024
22461,396,Hashflow,HFT,hashflow,1,07/11/2022,26/04/2024
9285,397,Moonriver,MOVR,moonriver,1,27/08/2021,26/04/2024
5266,398,MiL.k,MLK,milk-alliance,1,05/08/2020,26/04/2024
3835,399,Orbs,ORBS,orbs,1,03/04/2019,26/04/2024
28778,400,NFPrompt,NFP,nfprompt,1,27/12/2023,26/04/2024
20622,401,Forta,FORT,forta,1,15/06/2022,26/04/2024
2868,402,Constellation,DAG,constellation,1,20/06/2018,26/04/2024
13663,403,Gains Network,GNS,gains-network,1,01/11/2021,26/04/2024
27622,404,LUKSO,LYX,lukso-network,1,24/07/2023,26/04/2024
18736,405,Blockchain Foundation for Innovation & Collaboration,BFIC,best-fintech-investment-coin,1,14/03/2022,26/04/2024
1788,406,Metal DAO,MTL,metal,1,09/07/2017,26/04/2024
5604,407,Secret,SCRT,secret,1,29/09/2020,26/04/2024
28299,408,TokenFi,TOKEN,tokenfi,1,27/10/2023,26/04/2024
9444,409,Kyber Network Crystal v2,KNC,kyber-network-crystal-v2,1,28/07/2021,26/04/2024
20873,410,LeverFi,LEVER,lever,1,13/07/2022,26/04/2024
9175,411,MOBOX,MBOX,mobox,1,08/04/2021,26/04/2024
19055,412,Solidus Ai Tech,AITECH,solidus-ai-tech,1,01/09/2023,26/04/2024
6731,413,Tokamak Network,TON,tokamak-network,1,29/08/2020,26/04/2024
7224,414,DODO,DODO,dodo,1,29/09/2020,26/04/2024
28321,415,Polygon Ecosystem Token,POL,polygon-ecosystem-token,1,30/10/2023,26/04/2024
9566,416,Liquity USD,LUSD,liquity-usd,1,04/05/2021,26/04/2024
8602,417,Bounce Token,AUCTION,bounce-token,1,26/02/2021,26/04/2024
28829,418,Heroes of Mavia,MAVIA,heroes-of-mavia,1,06/02/2024,26/04/2024
4006,419,STP,STPT,standard-tokenization-protocol,1,12/06/2019,26/04/2024
2303,420,MediBloc,MED,medibloc,1,22/12/2017,26/04/2024
9436,421,Dogelon Mars,ELON,dogelon,1,23/04/2021,26/04/2024
18934,422,Stargate Finance,STG,stargate-finance,1,18/03/2022,26/04/2024
20435,423,Velodrome Finance,VELO,velodrome-finance,1,02/06/2022,26/04/2024
2765,424,XYO,XYO,xyo,1,22/05/2018,26/04/2024
14822,425,Victoria VR,VR,victoria-vr,1,02/12/2021,26/04/2024
23756,426,ChainGPT,CGPT,chaingpt,1,10/04/2023,26/04/2024
8258,427,CUDOS,CUDOS,cudos,1,13/01/2021,26/04/2024
8100,428,Ankr Staked ETH,ankrETH,ankreth,1,23/12/2020,26/04/2024
1762,429,Ergo,ERG,ergo,1,29/06/2017,26/04/2024
1320,430,Ardor,ARDR,ardor,1,23/07/2016,26/04/2024
6756,431,Acala Token,ACA,acala,1,25/01/2022,26/04/2024
5026,432,Orchid,OXT,orchid,1,17/12/2019,26/04/2024
23825,433,Nexera,NXRA,allianceblock-nexera,1,08/03/2023,26/04/2024
7429,434,Liquity,LQTY,liquity,1,07/04/2021,26/04/2024
4956,435,MAP Protocol,MAPO,map-protocol,1,06/01/2020,26/04/2024
2588,436,Loom Network,LOOM,loom-network,1,14/03/2018,26/04/2024
7232,437,Stella,ALPHA,alpha-finance-lab,1,09/10/2020,26/04/2024
10188,438,Automata Network,ATA,automata-network,1,07/06/2021,26/04/2024
28076,439,Ozone Chain,OZO,ozone-chain,1,25/09/2023,26/04/2024
8083,440,Tokenlon Network Token,LON,tokenlon-network-token,1,23/12/2020,26/04/2024
21106,441,Radiant Capital,RDNT,radiant-capital,1,26/07/2022,26/04/2024
17081,442,LooksRare,LOOKS,looksrare,1,10/01/2022,26/04/2024
25714,443,Crown by Third Time Games,CROWN,crown-by-third-time-games,1,23/05/2023,26/04/2024
18037,444,Maverick Protocol,MAV,maverick-protocol,1,28/06/2023,26/04/2024
8936,445,Trias Token (New),TRIAS,trias-token,1,05/04/2021,26/04/2024
23037,446,Hifi Finance,HIFI,hifi-finance-new,1,30/01/2023,26/04/2024
11289,447,Spell Token,SPELL,spell-token,1,17/08/2021,26/04/2024
8615,448,Ethernity,ERN,ethernity-chain,1,08/03/2021,26/04/2024
3306,449,Gemini Dollar,GUSD,gemini-dollar,1,06/10/2018,26/04/2024
13967,450,Goldfinch,GFI,goldfinch-protocol,1,11/01/2022,26/04/2024
2502,451,Huobi Token,HT,htx-token,1,03/02/2018,26/04/2024
18895,452,MARBLEX,MBX,marblex,1,23/03/2022,26/04/2024
4807,453,Shentu,CTK,shentu,1,21/10/2020,26/04/2024
7046,454,Aavegotchi,GHST,aavegotchi,1,15/09/2020,26/04/2024
21964,455,Tectum,TET,tectum,1,03/07/2023,26/04/2024
2780,456,NKN,NKN,nkn,1,28/05/2018,26/04/2024
1808,457,OMG Network,OMG,omg,1,14/07/2017,26/04/2024
693,458,Verge,XVG,verge,1,25/10/2014,26/04/2024
29779,459,Polyhedra Network,ZK,polyhedra-network,1,19/03/2024,26/04/2024
1727,460,Bancor,BNT,bancor,1,18/06/2017,26/04/2024
6843,461,Radworks,RAD,radworks,1,27/02/2021,26/04/2024
25220,462,HarryPotterObamaSonic10Inu (ERC-20),BITCOIN,harrypotterobamasonic10inu-eth,1,11/05/2023,26/04/2024
6651,463,USDX [Kava],USDX,usdx-kava,1,05/11/2020,26/04/2024
7817,464,Bifrost,BFC,bifrost,1,17/12/2020,26/04/2024
5877,465,RARI,RARI,rarible,1,20/07/2020,26/04/2024
11568,466,Adventure Gold,AGLD,adventure-gold,1,02/09/2021,26/04/2024
2496,467,Polymath,POLY,polymath-network,1,02/02/2018,26/04/2024
5117,468,Origin Protocol,OGN,origin-protocol,1,09/01/2020,26/04/2024
29220,469,PepeFork,PORK,pepefork,1,30/01/2024,26/04/2024
11374,470,Mines of Dalarnia,DAR,mines-of-dalarnia,1,04/11/2021,26/04/2024
25264,471,Snek,SNEK,snek,1,14/05/2023,26/04/2024
4039,472,ARPA,ARPA,arpa-chain,1,15/07/2019,26/04/2024
22359,473,XPLA,XPLA,xpla,1,24/10/2022,26/04/2024
24554,474,Bazaars,BZR,bazaars,1,19/04/2023,26/04/2024
19819,475,REI Network,REI,rei-network,1,27/04/2022,26/04/2024
2840,476,QuarkChain,QKC,quarkchain,1,04/06/2018,26/04/2024
11783,477,GameFi.org,GAFI,gamefi,1,10/09/2021,26/04/2024
8766,478,MyNeighborAlice,ALICE,myneighboralice,1,15/03/2021,26/04/2024
6554,479,GamerCoin,GHX,gamercoin,1,08/04/2021,26/04/2024
13969,480,Phoenix,PHB,phoenix-global-new,1,05/11/2021,26/04/2024
5161,481,WazirX,WRX,wazirx,1,06/02/2020,26/04/2024
8422,482,Pangolin,PNG,pangolin,1,27/04/2021,26/04/2024
2933,483,BitMart Token,BMX,bitmart-token,1,13/07/2018,26/04/2024
24796,484,Art de Finance,ADF,art-de-finance,1,30/05/2023,26/04/2024
11346,485,RACA,RACA,radio-caca,1,20/08/2021,26/04/2024
23195,486,Access Protocol,ACS,access-protocol,1,15/02/2023,26/04/2024
7859,487,Badger DAO,BADGER,badger-dao,1,03/12/2020,26/04/2024
5939,488,Wrapped NXM,WNXM,wrapped-nxm,1,28/07/2020,26/04/2024
11294,489,SuperRare,RARE,superrare,1,17/08/2021,26/04/2024
3951,490,Pirate Chain,ARRR,pirate-chain,1,22/05/2019,26/04/2024
6193,491,Cream Finance,CREAM,cream-finance,1,04/08/2020,26/04/2024
4038,492,MovieBloc,MBL,moviebloc,1,21/06/2019,26/04/2024
3600,493,Hippocrat,HPO,hippocrat,1,08/11/2018,26/04/2024
10052,494,Gitcoin,GTC,gitcoin,1,25/05/2021,26/04/2024
5893,495,Frontier,FRONT,frontier,1,15/09/2020,26/04/2024
12573,496,Clearpool,CPOOL,clearpool,1,28/10/2021,26/04/2024
3714,497,LTO Network,LTO,lto-network,1,06/02/2019,26/04/2024
2297,498,StormX,STMX,stormx,1,20/12/2017,26/04/2024
12041,499,Dimitra,DMTR,dimitra,1,22/09/2021,26/04/2024
7208,500,Polkastarter,POLS,polkastarter,1,28/09/2020,26/04/2024
21870,501,Metaplex,MPLX,metaplex,1,20/09/2022,26/04/2024
28111,502,MEMETOON,MEME,memetoon,1,25/09/2023,26/04/2024
9020,503,Toko Token,TKO,tokocrypto,1,07/04/2021,26/04/2024
9288,504,BENQI,QI,benqi,1,19/08/2021,26/04/2024
24476,505,LimeWire,LMWR,limewire,1,15/05/2023,26/04/2024
28066,506,Banana Gun,BANANA,banana-gun,1,20/09/2023,26/04/2024
7064,507,BakeryToken,BAKE,bakerytoken,1,23/09/2020,26/04/2024
24477,508,ArbDoge AI,AIDOGE,arbdoge-ai,1,17/04/2023,26/04/2024
8827,509,Boson Protocol,BOSON,boson-protocol,1,09/04/2021,26/04/2024
23951,510,Staika,STIK,staika,1,15/03/2023,26/04/2024
11212,511,Star Atlas,ATLAS,star-atlas,1,02/09/2021,26/04/2024
2492,512,Elastos,ELA,elastos,1,01/02/2018,26/04/2024
2092,513,NULS,NULS,nuls,1,25/10/2017,26/04/2024
1044,514,KWD,KWD,global-currency-reserve,1,26/08/2015,26/04/2024
2137,515,Electroneum,ETN,electroneum,1,02/11/2017,26/04/2024
27966,516,Dora Factory,DORA,dora-factory-new,1,09/09/2023,26/04/2024
9071,517,Chainge,XCHNG,chainge,1,24/06/2021,26/04/2024
16876,518,Artificial Liquid Intelligence,ALI,alethea-artificial-liquid-intelligence-token,1,14/02/2022,26/04/2024
15463,519,SIDUS,SIDUS,sidus,1,15/12/2021,26/04/2024
9119,520,Alien Worlds,TLM,alien-worlds,1,14/04/2021,26/04/2024
6950,521,Perpetual Protocol,PERP,perpetual-protocol,1,13/09/2020,26/04/2024
1037,522,Agoras: Currency of Tau,AGRS,agoras-tokens,1,24/08/2015,26/04/2024
3418,523,Metadium,META,metadium,1,09/10/2018,26/04/2024
5866,524,DEXTools,DEXT,dextools,1,19/07/2020,26/04/2024
2570,525,Viction,VIC,viction,1,08/03/2018,26/04/2024
4687,526,BUSD,BUSD,binance-usd,1,20/09/2019,26/04/2024
8107,527,Cobak Token,CBK,cobak-token,1,23/12/2020,26/04/2024
7505,528,Everscale,EVER,everscale,1,25/10/2020,26/04/2024
8479,529,VAIOT,VAI,vaiot,1,20/04/2021,26/04/2024
9720,530,PlatON,LAT,platon,1,12/05/2021,26/04/2024
5049,531,VerusCoin,VRSC,veruscoin,1,12/06/2020,26/04/2024
2638,532,Cortex,CTXC,cortex,1,16/04/2018,26/04/2024
14556,533,Boba Network,BOBA,boba-network,1,21/11/2021,26/04/2024
5268,534,Energy Web Token,EWT,energy-web-token,1,30/03/2020,26/04/2024
10631,535,Gods Unchained,GODS,gods-unchained,1,29/10/2021,26/04/2024
28293,536,Ultima,ULTIMA,ultima,1,26/10/2023,26/04/2024
11079,537,Bitgert,BRISE,bitrise-token,1,28/07/2021,26/04/2024
11213,538,Star Atlas DAO,POLIS,star-atlas-polis,1,02/09/2021,26/04/2024
3884,539,Function X,FX,function-x,1,25/04/2019,26/04/2024
8384,540,CLV,CLV,clover,1,16/07/2021,26/04/2024
2539,541,Ren,REN,ren,1,21/02/2018,26/04/2024
1856,542,district0x,DNT,district0x,1,03/08/2017,26/04/2024
9421,543,Ampleforth Governance Token,FORTH,ampleforth-governance-token,1,21/04/2021,26/04/2024
5821,544,Aleph.im,ALEPH,aleph-im,1,08/07/2020,26/04/2024
21351,545,Sweat Economy,SWEAT,sweat-economy,1,12/09/2022,26/04/2024
2273,546,Uquid Coin,UQC,uquid-coin,1,13/12/2017,26/04/2024
23015,547,Neon EVM,NEON,neon,1,18/07/2023,26/04/2024
20672,548,Clash of Lilliput,COL,clash-of-lilliput,1,27/06/2022,26/04/2024
2143,549,Streamr,DATA,streamr,1,03/11/2017,26/04/2024
23295,550,Veno Finance,VNO,veno-finance-vno,1,20/01/2023,26/04/2024
29150,551,Ponke,PONKE,ponke,1,23/01/2024,26/04/2024
1674,552,Bitcoin Palladium,BTCP,cannation,1,13/05/2017,26/04/2024
4090,553,Wirex Token,WXT,wirex-token,1,09/07/2019,26/04/2024
28244,554,Niza Global,NIZA,niza-global,1,14/10/2023,26/04/2024
3946,555,Carry,CRE,carry,1,17/05/2019,26/04/2024
4189,556,Ultra,UOS,ultra,1,30/07/2019,26/04/2024
9417,557,Maple,MPL,maple,1,01/05/2021,26/04/2024
28596,558,Anchored Coins AEUR,AEUR,anchored-coins-aeur,1,05/12/2023,26/04/2024
28508,559,Nibiru Chain,NIBI,nibiru-chain,1,12/03/2024,26/04/2024
9220,560,StrikeX,STRX,strikecoin,1,14/04/2021,26/04/2024
23246,561,tomiNet,TOMI,tominet,1,16/01/2023,26/04/2024
22837,562,DIMO,DIMO,dimo,1,15/12/2022,26/04/2024
8075,563,Rally,RLY,rally,1,22/12/2020,26/04/2024
6928,564,Bella Protocol,BEL,bella-protocol,1,15/09/2020,26/04/2024
18966,565,NEOPIN,NPT,neopin,1,21/03/2022,26/04/2024
1757,566,FUNToken,FUN,funtoken,1,27/06/2017,26/04/2024
6859,567,Harvest Finance,FARM,harvest-finance,1,02/09/2020,26/04/2024
3816,568,Verasity,VRA,verasity,1,03/04/2019,26/04/2024
13521,569,Numbers Protocol,NUM,numbers-protocol,1,18/11/2021,26/04/2024
29358,570,Smog,SMOG,smog,1,09/02/2024,26/04/2024
18679,571,Onyxcoin,XCN,onyxcoin,1,15/03/2022,26/04/2024
7463,572,RAMP,RAMP,ramp,1,20/10/2020,26/04/2024
7150,573,Flamingo,FLM,flamingo,1,08/10/2020,26/04/2024
3637,574,Aergo,AERGO,aergo,1,17/12/2018,26/04/2024
5804,575,DeFiChain,DFI,defichain,1,03/07/2020,26/04/2024
11307,576,Beta Finance,BETA,beta-finance,1,08/10/2021,26/04/2024
20886,577,Astrafer,ASTRAFER,astrafer,1,14/07/2022,26/04/2024
20513,578,SaitaChain Coin,STC,saitama-inu-new,1,08/06/2022,26/04/2024
1552,579,Enzyme,MLN,enzyme,1,22/02/2017,26/04/2024
23397,580,Games for a Living,GFAL,games-for-a-living,1,13/03/2023,26/04/2024
7055,581,DeFi Pulse Index,DPI,defi-pulse-index,1,15/09/2020,26/04/2024
9638,582,SingularityDAO,SDAO,singularitydao,1,21/05/2021,26/04/2024
8613,583,Alchemix,ALCX,alchemix,1,27/02/2021,26/04/2024
11078,584,IAGON,IAG,iagon,1,28/07/2021,26/04/2024
26032,585,Moon Tropica,CAH,moon-tropica,1,26/05/2023,26/04/2024
1521,586,Komodo,KMD,komodo,1,05/02/2017,26/04/2024
5380,587,Hunt Town,HUNT,hunt,1,30/03/2020,26/04/2024
7281,588,Persistence One,XPRT,persistence,1,01/04/2021,26/04/2024
6138,589,DIA,DIA,dia,1,04/08/2020,26/04/2024
5631,590,Orion,ORN,orion-xyz,1,16/07/2020,26/04/2024
8911,591,Strike,STRK,strike,1,01/04/2021,26/04/2024
28385,592,Propbase,PROPS,propbase,1,13/11/2023,26/04/2024
2606,593,Wanchain,WAN,wanchain,1,23/03/2018,26/04/2024
15563,594,Cornucopias,COPI,cornucopias,1,10/12/2021,26/04/2024
10409,595,Opulous,OPUL,opulous,1,23/09/2021,26/04/2024
28394,596,Grok,GROK,grok-erc,1,13/11/2023,26/04/2024
26914,597,Statter Network,STT,statter-network,1,15/06/2023,26/04/2024
5279,598,Sologenic,SOLO,sologenic,1,06/03/2020,26/04/2024
1312,599,Steem Dollars,SBD,steem-dollars,1,18/07/2016,26/04/2024
2348,600,Measurable Data Token,MDT,measurable-data-token,1,09/01/2018,26/04/2024
10465,601,Polytrade,TRADE,polytrade,1,19/08/2021,26/04/2024
3930,602,ThunderCore,TT,thundercore,1,10/05/2019,26/04/2024
24220,603,Propchain,PROPC,propchain,1,19/05/2023,26/04/2024
29734,604,Zero1 Labs,DEAI,zero1-labs,1,22/03/2024,26/04/2024
4275,605,COMBO,COMBO,combo-network,1,21/08/2019,26/04/2024
3928,606,IDEX,IDEX,idex,1,09/05/2019,26/04/2024
28656,607,ViciCoin,VCNT,vicicoin,1,11/12/2023,26/04/2024
7102,608,Linear Finance,LINA,linear,1,17/09/2020,26/04/2024
3950,609,Neom,NEOM,netrum,1,20/05/2019,26/04/2024
15447,610,Lyra,LYRA,lyra-finance,1,14/12/2021,26/04/2024
6951,611,Reef,REEF,reef,1,28/12/2020,26/04/2024
6069,612,Assemble Protocol,ASM,assemble-protocol,1,03/08/2020,26/04/2024
5919,613,Meter Governance,MTRG,meter-governance,1,27/07/2020,26/04/2024
2927,614,sUSD,SUSD,susd,1,13/07/2018,26/04/2024
4953,615,FirmaChain,FCT,firmachain,1,20/11/2019,26/04/2024
28479,616,The Root Network,ROOT,the-root-network,1,21/11/2023,26/04/2024
3316,617,smARTOFGIVING,AOG,smartofgiving,1,21/09/2018,26/04/2024
28067,618,Vara Network,VARA,vara-network,1,21/09/2023,26/04/2024
26497,619,Clore.ai,CLORE,clore-ai,1,31/05/2023,26/04/2024
10641,620,RichQUACK.com,QUACK,richquack-com,1,25/06/2021,26/04/2024
25208,621,trac (Ordinals),TRAC,trac,1,20/05/2023,26/04/2024
1935,622,Bitcoin Dominica,BTCD,litecoin-ultra,1,30/08/2017,26/04/2024
10897,623,Alitas,ALT,alitas,1,14/07/2021,26/04/2024
18031,624,Concordium,CCD,concordium,1,15/02/2022,26/04/2024
10933,625,Impossible Finance Launchpad,IDIA,impossible-decentralized-incubator-access,1,18/08/2021,26/04/2024
8120,626,Whiteheart,WHITE,whiteheart,1,28/12/2020,26/04/2024
28704,627,DeFinder Capital,DFC,definder-capital,1,13/12/2023,26/04/2024
3874,628,IRISnet,IRIS,irisnet,1,18/04/2019,26/04/2024
6727,629,Reserve,RSV,reserve,1,27/08/2020,26/04/2024
8715,630,Taraxa,TARA,taraxa,1,22/03/2021,26/04/2024
7461,631,PlayDapp,PDA,playdapp,1,19/10/2020,26/04/2024
258,632,Groestlcoin,GRS,groestlcoin,1,11/04/2014,26/04/2024
29291,633,Pandora,PANDORA,pandora-coin,1,05/02/2024,26/04/2024
5429,634,DEAPcoin,DEP,deapcoin,1,10/04/2020,26/04/2024
16352,635,Green Satoshi Token (SOL),GST,green-satoshi-token,1,22/12/2021,26/04/2024
7087,636,Dego Finance,DEGO,dego-finance,1,17/09/2020,26/04/2024
2856,637,CEEK VR,CEEK,ceek-vr,1,11/06/2018,26/04/2024
22858,638,Dynex,DNX,dynex,1,03/12/2022,26/04/2024
28567,639,PaLM AI,PALM,palm-ai,1,01/12/2023,26/04/2024
9089,640,Tenset,10SET,tenset,1,01/04/2021,26/04/2024
14345,641,Botto,BOTTO,botto,1,11/11/2021,26/04/2024
15678,642,Voxies,VOXEL,voxies,1,14/12/2021,26/04/2024
3661,643,Stronghold Token,SHX,stronghold-token,1,03/01/2019,26/04/2024
2665,644,Dero,DERO,dero,1,23/04/2018,26/04/2024
2763,645,Morpheus.Network,MNW,morpheus-network,1,22/05/2018,26/04/2024
2320,646,xMoney,UTK,utrust,1,29/12/2017,26/04/2024
1993,647,Kin,KIN,kin,1,27/09/2017,26/04/2024
8292,648,Router Protocol,ROUTE,router-protocol,1,20/01/2021,26/04/2024
13524,649,Solend,SLND,solend,1,03/11/2021,26/04/2024
16946,650,Metacraft,MCT,metacraft,1,06/01/2022,26/04/2024
19118,651,Lumerin,LMR,lumerin,1,29/03/2022,26/04/2024
5616,652,MATH,MATH,math,1,21/05/2020,26/04/2024
17145,653,League of Kingdoms Arena,LOKA,league-of-kingdoms,1,21/01/2022,26/04/2024
16399,654,Coreum,COREUM,coreum,1,08/03/2022,26/04/2024
2866,655,Sentinel Protocol,UPP,sentinel-protocol,1,18/06/2018,26/04/2024
6833,656,Litentry,LIT,litentry,1,03/02/2021,26/04/2024
20641,657,EURC,EURC,euro-coin,1,05/07/2022,26/04/2024
10469,658,iMe Lab,LIME,ime-lab,1,22/06/2021,26/04/2024
8206,659,QuickSwap [Old],QUICK,quickswap,1,24/02/2021,26/04/2024
29478,660,Solchat,CHAT,solchat,1,21/02/2024,26/04/2024
12400,661,Decimal,DEL,decimal,1,06/10/2021,26/04/2024
2915,662,Moss Coin,MOC,moss-coin,1,11/07/2018,26/04/2024
29037,663,Gaimin,GMRX,gaimin,1,26/03/2024,26/04/2024
9386,664,Kishu Inu,KISHU,kishu-inu,1,25/04/2021,26/04/2024
9286,665,Doge Killer,LEASH,doge-killer,1,19/04/2021,26/04/2024
788,666,Circuits of Value,COVAL,circuits-of-value,1,23/01/2015,26/04/2024
5468,667,Isiklar Coin,ISIKC,isiklar-coin,1,16/04/2020,26/04/2024
21929,668,Kwenta,KWENTA,kwenta,1,13/12/2022,26/04/2024
8329,669,PAID Network,PAID,paid-network,1,26/01/2021,26/04/2024
22765,670,ArchLoot,ALT,archloot,1,23/11/2022,26/04/2024
19966,671,Quickswap [New],QUICK,quickswap-new,1,05/05/2022,26/04/2024
10223,672,Vega Protocol,VEGA,vegaprotocol,1,04/09/2021,26/04/2024
4710,673,Cere Network,CERE,cere-network,1,08/11/2021,26/04/2024
7229,674,Gelato,GEL,gelato,1,14/09/2021,26/04/2024
5226,675,Paris Saint-Germain Fan Token,PSG,paris-saint-germain-fan-token,1,11/06/2020,26/04/2024
16919,676,5ire,5IRE,5ire,1,05/12/2023,26/04/2024
26585,677,PLANET,PLANET,planettoken,1,02/06/2023,26/04/2024
8335,678,Mdex,MDX,mdex,1,27/01/2021,26/04/2024
4747,679,Velas,VLX,velas,1,03/10/2019,26/04/2024
6520,680,HOPR,HOPR,hopr,1,23/02/2021,26/04/2024
12064,681,Cratos,CRTS,cratos,1,24/09/2021,26/04/2024
5382,682,ELYSIA,EL,elysia,1,30/03/2020,26/04/2024
7978,683,Bonfida,FIDA,bonfida,1,22/12/2020,26/04/2024
12256,684,cheqd,CHEQ,cheqd,1,26/11/2021,26/04/2024
22355,685,Vertex Protocol,VRTX,vertex-protocol,1,22/11/2023,26/04/2024
4441,686,Vectorspace AI,VXV,vectorspace-ai,1,04/12/2019,26/04/2024
5583,687,Hacken Token,HAI,hackenai,1,13/05/2020,26/04/2024
8489,688,XSGD,XSGD,xsgd,1,17/02/2021,26/04/2024
10789,689,Tether EURt,EURt,tether-eurt,1,27/07/2021,26/04/2024
28882,690,AIT Protocol,AIT,ait-protocol,1,29/12/2023,26/04/2024
7460,691,Alpha Quark Token,AQT,alpha-quark-token,1,21/10/2020,26/04/2024
9868,692,XCAD Network,XCAD,xcad-network,1,27/05/2021,26/04/2024
22331,693,Farcana,FAR,farcana,1,23/01/2024,26/04/2024
27766,694,KYVE Network,KYVE,kyve-network,1,07/08/2023,26/04/2024
7692,695,e-Radix,EXRD,radix,1,17/11/2020,26/04/2024
24911,696,Turbo,TURBO,turbo,1,04/05/2023,26/04/2024
21036,697,SLG.GAMES,SLG,land-of-conquest,1,19/07/2022,26/04/2024
6641,698,AhaToken,AHT,ahatoken,1,11/05/2021,26/04/2024
2398,699,SelfKey,KEY,selfkey,1,15/01/2018,26/04/2024
28249,700,ZTX,ZTX,ztx,1,17/10/2023,26/04/2024
7236,701,Celo Dollar,CUSD,celo-dollar,1,29/09/2020,26/04/2024
2700,702,Celsius,CEL,celsius,1,03/05/2018,26/04/2024
4691,703,Zano,ZANO,zano,1,17/01/2020,26/04/2024
5956,704,MUX Protocol,MCB,mcdex,1,29/07/2020,26/04/2024
15248,705,Santos FC Fan Token,SANTOS,santos-fc-fan-token,1,01/12/2021,26/04/2024
16334,706,APX,APX,apollox,1,21/12/2021,26/04/2024
19786,707,ALTAVA,TAVA,altava,1,07/07/2022,26/04/2024
15996,708,pSTAKE Finance,PSTAKE,pstake-finance,1,24/02/2022,26/04/2024
5410,709,PARSIQ,PRQ,parsiq,1,20/08/2020,26/04/2024
10744,710,DeRace,DERC,derace,1,03/08/2021,26/04/2024
9637,711,Altura,ALU,altura,1,07/05/2021,26/04/2024
29482,712,Smart Layer Network,SLN,smart-layer-network,1,23/02/2024,26/04/2024
19131,713,Artrade,ATR,artrade,1,06/04/2022,26/04/2024
9176,714,RocketX exchange,RVF,rocket-vault-rocketx,1,13/04/2021,26/04/2024
10746,715,Biswap,BSW,biswap,1,02/07/2021,26/04/2024
2630,716,PolySwarm,NCT,polyswarm,1,10/04/2018,26/04/2024
3628,717,Moonchain,MXC,mxc,1,07/12/2018,26/04/2024
5882,718,StaFi,FIS,stafi,1,13/09/2020,26/04/2024
21532,719,Aura Finance,AURA,aura-finance,1,23/08/2022,26/04/2024
28363,720,Shrapnel,SHRAP,shrapnel-com,1,08/11/2023,26/04/2024
11171,721,Mango,MNGO,mango-markets,1,12/08/2021,26/04/2024
7412,722,UniLend,UFT,unilend,1,14/10/2020,26/04/2024
3673,723,ASD,ASD,bitmax-token,1,08/01/2019,26/04/2024
28245,724,Openfabric AI,OFN,openfabric-ai,1,24/10/2023,26/04/2024
2776,725,AVA,AVA,ava,1,28/05/2018,26/04/2024
10891,726,Only1,LIKE,only1,1,03/08/2021,26/04/2024
4134,727,Akropolis,AKRO,akropolis,1,19/07/2019,26/04/2024
24792,728,RabbitX,RBX,rabbitx,1,02/05/2023,26/04/2024
24261,729,OctaSpace,OCTA,octaspace,1,05/04/2023,26/04/2024
9760,730,Stratos,STOS,stratos,1,11/06/2021,26/04/2024
4951,731,Zynecoin,ZYN,zynecoin,1,30/12/2019,26/04/2024
10563,732,Decubate,DCB,decubate,1,06/07/2021,26/04/2024
15142,733,Katana Inu,KATA,katana-inu,1,23/12/2021,26/04/2024
9177,734,Pitbull,PIT,pitbull,1,09/04/2021,26/04/2024
7672,735,Unifi Protocol DAO,UNFI,unifi-protocol-dao,1,19/11/2020,26/04/2024
8200,736,Shapeshift FOX Token,FOX,fox-token,1,06/01/2021,26/04/2024
5966,737,Student Coin,STC,student-coin,1,31/07/2020,26/04/2024
7535,738,Keep3rV1,KP3R,keep3rv1,1,27/10/2020,26/04/2024
25114,739,Cetus Protocol,CETUS,cetus-protocol,1,10/05/2023,26/04/2024
28395,740,Crypto Asset Governance Alliance,CAGA,crypto-asset-governance-alliance,1,13/11/2023,26/04/2024
3089,741,AVINOC,AVINOC,avinoc,1,07/08/2018,26/04/2024
7311,742,Beefy,BIFI,beefy-finance,1,05/10/2020,26/04/2024
5350,743,XPR Network,XPR,proton,1,06/04/2020,26/04/2024
10974,744,Tranchess,CHESS,tranchess,1,20/07/2021,26/04/2024
11367,745,Aurory,AURY,aurory,1,24/10/2021,26/04/2024
9029,746,Graphlinq Chain,GLQ,graphlinq-protocol,1,31/03/2021,26/04/2024
4056,747,Ampleforth,AMPL,ampleforth,1,28/06/2019,26/04/2024
6739,748,ONBUFF,ONIT,onbuff,1,17/11/2021,26/04/2024
18345,749,QORPO WORLD,QORPO,qorpo,1,29/02/2024,26/04/2024
30647,750,Sonic The Goat,GOAT,sonic-the-goat,1,15/04/2024,26/04/2024
1169,751,PIVX,PIVX,pivx,1,13/02/2016,26/04/2024
28868,752,GameGPT,DUEL,duel,1,12/01/2024,26/04/2024
10368,753,Cryptex Finance,CTX,cryptex-finance,1,09/06/2021,26/04/2024
6180,754,Suku,SUKU,suku,1,04/08/2020,26/04/2024
2243,755,Dragonchain,DRGN,dragonchain,1,03/12/2017,26/04/2024
1768,756,AdEx,ADX,adx-net,1,01/07/2017,26/04/2024
28135,757,Connex,CONX,connex,1,03/11/2023,26/04/2024
5225,758,FC Barcelona Fan Token,BAR,fc-barcelona-fan-token,1,24/06/2020,26/04/2024
29960,759,Shuffle,SHFL,shuffle,1,19/03/2024,26/04/2024
6933,760,Nuco.cloud,NCDT,nuco-cloud,1,08/09/2020,26/04/2024
25419,761,HyperGPT,HGPT,hypergpt,1,12/06/2023,26/04/2024
17588,762,BADMAD ROBOTS,METAL,drunk-robots,1,12/04/2022,26/04/2024
17231,763,Synesis One,SNS,synesis-one,1,31/01/2022,26/04/2024
20456,764,WeBuy,WE,webuy,1,04/06/2022,26/04/2024
9721,765,Samoyedcoin,SAMO,samoyedcoin,1,12/05/2021,26/04/2024
16430,766,Tectonic,TONIC,tectonic,1,23/12/2021,26/04/2024
22620,767,Across Protocol,ACX,across-protocol,1,28/11/2022,26/04/2024
12787,768,Minswap,MIN,minswap,1,30/06/2022,26/04/2024
2354,769,GET Protocol,GET,get-protocol,1,11/01/2018,26/04/2024
11222,770,Nine Chronicles,WNCG,wrapped-ncg,1,17/08/2021,26/04/2024
2949,771,Kryll,KRL,kryll,1,19/07/2018,26/04/2024
28857,772,ZKFair,ZKF,zkfair,1,03/01/2024,26/04/2024
6724,773,Klever,KLV,klever,1,09/09/2020,26/04/2024
24645,774,OmniFlix Network,FLIX,omniflix-network,1,06/09/2023,26/04/2024
2937,775,VITE,VITE,vite,1,18/07/2018,26/04/2024
3035,776,Blocksquare Token,BST,blocksquare-token,1,28/02/2022,26/04/2024
12664,777,Scallop,SCLP,scallop,1,28/10/2021,26/04/2024
21916,778,ISKRA Token,ISK,iskra,1,29/09/2022,26/04/2024
6715,779,Sperax,SPA,sperax,1,26/08/2020,26/04/2024
5865,780,FIO Protocol,FIO,fio-protocol,1,19/07/2020,26/04/2024
22710,781,VIDT DAO,VIDT,vidt-dao,1,18/11/2022,26/04/2024
2675,782,Dock,DOCK,dock,1,25/04/2018,26/04/2024
8707,783,Alpaca Finance,ALPACA,alpaca-finance,1,05/03/2021,26/04/2024
18919,784,Shiba Predator,QOM,shiba-predator,1,18/03/2022,26/04/2024
7576,785,Kava Lend,HARD,hard-protocol,1,05/11/2020,26/04/2024
17000,786,Creo Engine,CREO,creo-engine,1,04/05/2022,26/04/2024
12687,787,S.S. Lazio Fan Token,LAZIO,lazio-fan-token,1,21/10/2021,26/04/2024
2941,788,CoinEx Token,CET,coinex-token,1,23/10/2018,26/04/2024
2081,789,AirDAO,AMB,airdao,1,23/10/2017,26/04/2024
13198,790,NuNet,NTX,nunet,1,28/11/2021,26/04/2024
11206,791,Bloktopia,BLOK,bloktopia,1,06/10/2021,26/04/2024
2585,792,CENNZnet,CENNZ,centrality,1,13/03/2018,26/04/2024
7158,793,BurgerCities,BURGER,burger-cities,1,24/09/2020,26/04/2024
10293,794,Swarm,BZZ,ethereum-swarm,1,21/06/2021,26/04/2024
3855,795,Locus Chain,LOCUS,locus-chain,1,20/05/2019,26/04/2024
22320,796,HELLO Labs,HELLO,hello-labs,1,20/10/2022,26/04/2024
10750,797,Open Custody Protocol,OPEN,qredo,1,31/08/2021,26/04/2024
2643,798,Sentinel,DVPN,sentinel,1,17/04/2018,26/04/2024
7048,799,Wing Finance,WING,wing,1,16/09/2020,26/04/2024
4064,800,USDK,USDK,usdk,1,29/07/2019,26/04/2024
8720,801,Inverse Finance,INV,inverse-finance,1,08/03/2021,26/04/2024
10049,802,Manchester City Fan Token,CITY,manchester-city-fan-token,1,25/05/2021,26/04/2024
27686,803,Hatom,HTM,hatom,1,26/07/2023,26/04/2024
10687,804,Onomy Protocol,NOM,onomy-protocol,1,15/03/2023,26/04/2024
24133,805,WiFi Map,WIFI,wifi-map,1,07/04/2023,26/04/2024
6216,806,AXEL,AXEL,axel,1,05/08/2020,26/04/2024
9291,807,Ternoa,CAPS,ternoa,1,31/05/2021,26/04/2024
5947,808,TokenPocket,TPT,tokenpocket,1,29/07/2020,26/04/2024
14534,809,ParaSwap,PSP,paraswap,1,15/11/2021,26/04/2024
16678,810,NFT Worlds,WRLD,nft-worlds,1,30/12/2021,26/04/2024
10821,811,Starlink,STARL,star-link,1,10/07/2021,26/04/2024
22607,812,FONSmartChain,FON,fonsmartchain,1,07/03/2023,26/04/2024
29494,813,DUKO,DUKO,duko,1,21/02/2024,26/04/2024
21796,814,Lingose,LING,lingose,1,13/09/2022,26/04/2024
6837,815,Nodle,NODL,nodleiot,1,26/08/2022,26/04/2024
20497,816,WAGMI Games,WAGMIGAMES,wagmi-game-2,1,07/06/2022,26/04/2024
132,817,Counterparty,XCP,counterparty,1,15/02/2014,26/04/2024
10729,818,UFO Gaming,UFO,ufo-gaming,1,30/06/2021,26/04/2024
19650,819,Volt Inu,VOLT,volt-inu-v2,1,20/04/2022,26/04/2024
11821,820,Swarm Markets,SMT,swarm-markets,1,11/09/2021,26/04/2024
7440,821,BarnBridge,BOND,barnbridge,1,25/10/2020,26/04/2024
23546,822,Carbon browser,CSIX,carbon-browser,1,18/02/2023,26/04/2024
213,823,MonaCoin,MONA,monacoin,1,20/03/2014,26/04/2024
24686,824,Helium IOT,IOT,helium-iot,1,24/04/2023,26/04/2024
25232,825,Abelian,ABEL,abelian,1,05/12/2023,26/04/2024
8066,826,Yield App,YLD,yield-app,1,25/12/2020,26/04/2024
5309,827,OG Fan Token,OG,og-fan-token,1,21/06/2020,26/04/2024
7396,828,r/CryptoCurrency Moons,MOON,moon,1,16/03/2021,26/04/2024
2058,829,AirSwap,AST,airswap,1,17/10/2017,26/04/2024
1948,830,Aventus,AVT,aventus,1,06/09/2017,26/04/2024
8992,831,Cellframe,CELL,cellframe,1,29/03/2021,26/04/2024
21134,832,SquidGrow,SQUIDGROW,squid-grow,1,26/07/2022,26/04/2024
10778,833,Metahero,HERO,metahero,1,07/07/2021,26/04/2024
27276,834,Pepe 2.0,PEPE2.0,pepe-2-0,1,28/06/2023,26/04/2024
20825,835,Petals,PTS,petals,1,30/06/2022,26/04/2024
10430,836,Argentine Football Association Fan Token,ARG,argentinefootballassociationfantoken,1,10/08/2021,26/04/2024
9741,837,Solanium,SLIM,solanium,1,01/06/2021,26/04/2024
13272,838,Credefi,CREDI,credefi,1,09/12/2021,26/04/2024
1414,839,Firo,FIRO,firo,1,06/10/2016,26/04/2024
8938,840,Ellipsis,EPS,ellipsis,1,24/03/2021,26/04/2024
2019,841,Viberate,VIB,viberate,1,06/10/2017,26/04/2024
5640,842,PointPay,PXP,pointpay,1,28/05/2020,26/04/2024
18112,843,Alpine F1 Team Fan Token,ALPINE,alpine-f1-team-fan-token,1,21/02/2022,26/04/2024
14977,844,Mintlayer,ML,mintlayer,1,29/03/2023,26/04/2024
27195,845,Neurai,XNA,neurai,1,27/06/2023,26/04/2024
3581,846,Kleros,PNK,kleros,1,01/11/2018,26/04/2024
15084,847,Symbiosis,SIS,symbiosis-finance,1,07/12/2021,26/04/2024
29297,848,Orange,ORNJ,orange-crypto,1,06/02/2024,26/04/2024
28211,849,Shido [New],SHIDO,shido-inu-new,1,04/10/2023,26/04/2024
15270,850,Vita Inu,VINU,vita-inu,1,03/12/2021,26/04/2024
4758,851,dForce,DF,dforce,1,22/06/2020,26/04/2024
9892,852,YooShi,YOOSHI,yooshi,1,18/05/2021,26/04/2024
5007,853,TROY,TROY,troy,1,06/12/2019,26/04/2024
8271,854,Poolz Finance,POOLX,poolz-finance,1,18/01/2021,26/04/2024
10275,855,Catgirl,CATGIRL,catgirl,1,03/06/2021,26/04/2024
23794,856,Optimus AI,OPTI,optimus-ai,1,07/03/2023,26/04/2024
19705,857,Castello Coin,CAST,castello-coin,1,22/04/2022,26/04/2024
5552,858,Hathor,HTR,hathor,1,24/09/2020,26/04/2024
12623,859,Stader,SD,stader,1,15/03/2022,26/04/2024
1712,860,Quantum Resistant Ledger,QRL,quantum-resistant-ledger,1,10/06/2017,26/04/2024
2316,861,DeepBrain Chain,DBC,deepbrain-chain,1,28/12/2017,26/04/2024
29331,862,OORT,OORT,oortech,1,07/02/2024,26/04/2024
3422,863,SHPING,SHPING,shping,1,10/10/2018,26/04/2024
8276,864,Arianee,ARIA20,arianee-protocol,1,18/01/2021,26/04/2024
7726,865,ICHI,ICHI,ichi,1,15/01/2021,26/04/2024
14052,866,FC Porto Fan Token,PORTO,fc-porto,1,16/11/2021,26/04/2024
2341,867,SwftCoin,SWFTC,swftcoin,1,09/01/2018,26/04/2024
27445,868,GameSwift,GSWIFT,gameswift,1,21/07/2023,26/04/2024
5453,869,KardiaChain,KAI,kardiachain,1,17/04/2020,26/04/2024
25963,870,BlackFort Exchange Network,BXN,blackfort-exchange-network,1,02/04/2024,26/04/2024
19621,871,Cosplay Token,COT,cosplay-token,1,19/04/2022,26/04/2024
22866,872,Radiant,RXD,radiant,1,05/12/2022,26/04/2024
12221,873,Rangers Protocol Gas,RPG,rangers-protocol,1,07/10/2021,26/04/2024
20009,874,DexCheck AI,DCK,dexcheck,1,21/07/2023,26/04/2024
18662,875,Galeon,GALEON,galeon,1,10/03/2022,26/04/2024
1556,876,Chrono.tech,TIME,chrono-tech,1,27/02/2017,26/04/2024
5777,877,renBTC,RENBTC,renbtc,1,21/07/2020,26/04/2024
22970,878,Carrieverse,CVTX,carrieverse,1,31/01/2023,26/04/2024
8216,879,Electra Protocol,XEP,electra-protocol,1,08/01/2021,26/04/2024
2222,880,Bitcoin Diamond,BCD,bitcoin-diamond,1,24/11/2017,26/04/2024
7424,881,Hermez Network,HEZ,hermez-network,1,17/10/2020,26/04/2024
1866,882,Bytom,BTM,bytom,1,08/08/2017,26/04/2024
5072,883,Rakon,RKN,rakon,1,25/12/2019,26/04/2024
20789,884,Dejitaru Tsuka,TSUKA,dejitaru-tsuka,1,28/06/2022,26/04/2024
5957,885,DFI.Money,YFII,yearn-finance-ii,1,29/07/2020,26/04/2024
24190,886,Fulcrom Finance,FUL,fulcrom-finance,1,03/04/2023,26/04/2024
3437,887,ABBC Coin,ABBC,abbc-coin,1,12/10/2018,26/04/2024
8772,888,ZUSD,ZUSD,zusd,1,10/03/2021,26/04/2024
19778,889,Step App,FITFI,step-app,1,26/04/2022,26/04/2024
14336,890,TRVL,TRVL,trvl,1,26/11/2021,26/04/2024
11409,891,Tarot,TAROT,tarot,1,26/08/2021,26/04/2024
8144,892,OVR,OVR,ovr,1,30/12/2020,26/04/2024
10586,893,TABOO TOKEN,TABOO,taboo-token,1,23/06/2021,26/04/2024
16481,894,Kasta,KASTA,kasta,1,05/01/2022,26/04/2024
7590,895,Dvision Network,DVI,dvision-network,1,03/11/2020,26/04/2024
2289,896,Gifto,GFT,gifto,1,18/12/2017,26/04/2024
5829,897,TrustSwap,SWAP,trustswap,1,10/07/2020,26/04/2024
28446,898,SPECTRE AI,SPECTRE,spectre-ai,1,19/11/2023,26/04/2024
8519,899,Xend Finance,RWA,xend-finance,1,23/03/2021,26/04/2024
28610,900,Inspect,INSP,inspect,1,06/12/2023,26/04/2024
28094,901,Prisma mkUSD,MKUSD,prisma-mkusd,1,21/09/2023,26/04/2024
8894,902,Deeper Network,DPR,deeper-network,1,10/04/2021,26/04/2024
19590,903,Defigram,DFG,defigram,1,20/04/2022,26/04/2024
4890,904,Newscrypto,NWC,newscrypto,1,06/11/2019,26/04/2024
12089,905,Coinweb,CWEB,coinweb,1,30/12/2021,26/04/2024
5221,906,Handshake,HNS,handshake,1,21/02/2020,26/04/2024
4746,907,Quiztok,QTCON,quiztok,1,28/04/2020,26/04/2024
7878,908,MobileCoin,MOB,mobilecoin,1,06/12/2020,26/04/2024
9608,909,SpookySwap,BOO,spookyswap,1,01/09/2021,26/04/2024
19779,910,DMAIL Network,DMAIL,dmail-network,1,30/01/2024,26/04/2024
29015,911,Solama,SOLAMA,solama,1,12/01/2024,26/04/2024
1700,912,ternity,AE,aeternity,1,01/06/2017,26/04/2024
19134,913,Bubblefong,BBF,bubblefong,1,28/03/2022,26/04/2024
28106,914,zkSwap Finance,ZF,zkswap-finance,1,20/09/2023,26/04/2024
28443,915,Verified USD,USDV,verified-usd,1,17/11/2023,26/04/2024
22264,916,Oho,OHO,oho,1,18/10/2022,26/04/2024
28962,917,VoluMint,VMINT,volumint,1,06/01/2024,26/04/2024
28836,918,Kimbo,KIMBO,kimbo,1,25/12/2023,26/04/2024
9764,919,MILC Platform,MLT,milc-platform,1,18/05/2021,26/04/2024
5224,920,Juventus Fan Token,JUV,juventus-fan-token,1,22/04/2020,26/04/2024
21320,921,Thrupenny,TPY,thrupenny,1,09/08/2022,26/04/2024
12319,922,DeFi Kingdoms,JEWEL,defi-kingdoms,1,25/11/2021,26/04/2024
11035,923,Splintershards,SPS,splintershards,1,26/07/2021,26/04/2024
2454,924,Bitcoin Unlimited,BTCU,unlimitedip,1,24/01/2018,26/04/2024
21414,925,Dogechain,DC,dogechain,1,25/08/2022,26/04/2024
8034,926,BioPassport Token,BIOT,biopassport-token,1,02/03/2021,26/04/2024
1853,927,OAX,OAX,oax,1,31/07/2017,26/04/2024
17242,928,UBXS Token,UBXS,ubxs,1,13/01/2022,26/04/2024
29855,929,The First Youtube Cat,PAJAMAS,the-first-youtube-cat,1,14/03/2024,26/04/2024
2827,930,Phantasma,SOUL,phantasma,1,28/05/2018,26/04/2024
22052,931,SpaceN,SN,spacen,1,03/10/2022,26/04/2024
23081,932,UNS TOKEN,UNS,uns-token,1,31/03/2023,26/04/2024
4118,933,ForTube,FOR,the-force-protocol,1,17/07/2019,26/04/2024
17742,934,Cult DAO,CULT,cult-dao,1,03/02/2022,26/04/2024
14304,935,Gamium,GMM,gamium,1,30/03/2022,26/04/2024
28789,936,Silly Dragon,SILLY,silly-dragon,1,21/12/2023,26/04/2024
5228,937,Galatasaray Fan Token,GAL,galatasaray-fan-token,1,08/06/2020,26/04/2024
24303,938,Metacade,MCADE,metacade,1,07/04/2023,26/04/2024
1817,939,Voyager Token,VGX,voyager-token,1,18/07/2017,26/04/2024
1883,940,Adshares,ADS,adshares,1,12/08/2017,26/04/2024
7245,941,Stobox Token,STBU,stobox-token,1,05/10/2020,26/04/2024
6830,942,KILT Protocol,KILT,kiltprotocol,1,25/11/2021,26/04/2024
4228,943,Ferrum Network,FRM,ferrum-network,1,29/08/2019,26/04/2024
11451,944,Shiden Network,SDN,shiden-network,1,30/08/2021,26/04/2024
16882,945,Magic Square,SQR,magic-square,1,12/01/2024,26/04/2024
8705,946,Bifrost,BNC,bifrost-bnc,1,21/10/2021,26/04/2024
24877,947,BIM,BIM,bim,1,03/05/2023,26/04/2024
23262,948,Areon Network,AREA,areon-network,1,18/01/2023,26/04/2024
5,949,Peercoin,PPC,peercoin,1,28/04/2013,26/04/2024
7740,950,Polaris Share,POLA,polaris-share,1,27/01/2021,26/04/2024
10759,951,rhino.fi,DVF,deversifi,1,12/07/2021,26/04/2024
16996,952,Pip,PIP,pip,1,28/02/2023,26/04/2024
8296,953,KLAYswap Protocol,KSP,klayswap-protocol,1,20/01/2021,26/04/2024
2474,954,Matrix AI Network,MAN,matrix-ai-network,1,27/01/2018,26/04/2024
4366,955,MixMarvel,MIX,mixmarvel,1,02/09/2019,26/04/2024
90,956,Dimecoin,DIME,dimecoin,1,06/01/2014,26/04/2024
20719,957,OpenLeverage,OLE,openleverage,1,07/07/2022,26/04/2024
27009,958,UniBot,UNIBOT,unibot-eth,1,16/06/2023,26/04/2024
27615,959,r/FortNiteBR Bricks,BRICK,bricks,1,18/07/2023,26/04/2024
8642,960,Fei USD,FEI,fei-usd,1,03/04/2021,26/04/2024
25479,961,Bad Idea AI,BAD,bad-idea-ai,1,21/05/2023,26/04/2024
21217,962,MangoMan Intelligent,MMIT,mangoman-intelligent,1,03/08/2022,26/04/2024
17722,963,Ambire Wallet,WALLET,ambire-wallet,1,30/01/2022,26/04/2024
28664,964,Byte,BYTE,byte,1,11/12/2023,26/04/2024
5634,965,Fuse,FUSE,fuse-network,1,31/01/2021,26/04/2024
12873,966,KlimaDAO,KLIMA,klimadao,1,19/10/2021,26/04/2024
23665,967,SpaceCatch,CATCH,spacecatch,1,01/04/2024,26/04/2024
19111,968,Bostrom,BOOT,bostrom,1,09/04/2022,26/04/2024
17794,969,ParagonsDAO,PDT,paragonsdao,1,01/02/2022,26/04/2024
6747,970,Crust Network,CRU,crustnetwork,1,22/09/2020,26/04/2024
29387,971,Asterix Labs,ASTX,asterix-labs,1,13/02/2024,26/04/2024
5227,972,Atletico De Madrid Fan Token,ATM,atletico-de-madrid-fan-token,1,21/06/2020,26/04/2024
19924,973,Ellipsis,EPX,ellipsis-epx,1,04/05/2022,26/04/2024
9443,974,Step Finance,STEP,step-finance,1,26/04/2021,26/04/2024
22892,975,Atlas Navi,NAVI,atlas-navi,1,06/12/2022,26/04/2024
11532,976,Arsenal Fan Token,AFC,arsenal-fan-token,1,27/10/2021,26/04/2024
17073,977,Affyn,FYN,affyn,1,29/01/2022,26/04/2024
30177,978,LinqAI,LNQ,linqai,1,28/03/2024,26/04/2024
16711,979,GT Protocol,GTAI,gt-protocol,1,26/01/2024,26/04/2024
8567,980,HAPI Protocol,HAPI,hapi-one,1,10/03/2021,26/04/2024
3724,981,SOLVE,SOLVE,solve,1,04/02/2019,26/04/2024
12148,982,Swash,SWASH,swash,1,31/10/2021,26/04/2024
8538,983,AC Milan Fan Token,ACM,ac-milan-fan-token,1,22/02/2021,26/04/2024
21822,984,Brickken,BKN,brickken,1,25/07/2023,26/04/2024
6993,985,REVV,REVV,revv,1,10/09/2020,26/04/2024
29445,986,zKML,ZKML,zkml,1,19/02/2024,26/04/2024
2916,987,Nimiq,NIM,nimiq,1,26/07/2018,26/04/2024
3973,988,Aryacoin,AYA,aryacoin,1,27/05/2019,26/04/2024
8049,989,Tornado Cash,TORN,torn,1,09/02/2021,26/04/2024
20315,990,LeisureMeta,LM,leisuremeta,1,26/05/2022,26/04/2024
10047,991,EPIK Prime,EPIK,epik-prime,1,27/08/2021,26/04/2024
2387,992,Bitcoin Atom,BCA,bitcoin-atom,1,13/01/2018,26/04/2024
6855,993,BIDR,BIDR,binance-idr,1,02/09/2020,26/04/2024
29386,994,LandX Finance,LNDX,landx-finance,1,13/02/2024,26/04/2024
9194,995,Saito,SAITO,saito,1,22/04/2021,26/04/2024
11871,996,GameZone,GZONE,gamezone,1,30/09/2021,26/04/2024
4566,997,XDB CHAIN,XDB,xdbchain,1,13/09/2019,26/04/2024
7664,998,UNCX Network,UNCX,uncx,1,12/11/2020,26/04/2024
8649,999,Oxbull.tech,OXB,oxbull-tech,1,02/03/2021,26/04/2024
8245,1000,Hydra,HYDRA,hydra,1,12/01/2021,26/04/2024
